district_name,state,source_slug,school_year,spring_break_start,spring_break_end,winter_break_start,winter_break_end,summer_start,summer_end,first_day,last_day,source
Aiken County Public Schools 2025-2026 in PDF,South Carolina,aiken-county-public-schools,2024-2025,2025-03-31,2025-04-11,2024-12-23,2025-01-06,2025-05-29,2024-07-22,2024-07-22,2025-05-29,schoolcalendarinfo.com (current page)
Akron Public Schools 2025-2026 in PDF,Ohio,akron-public-schools,2024-2025,2025-03-18,2025-03-25,2024-12-23,2025-01-03,2025-06-05,2024-08-29,2024-08-29,2025-06-05,schoolcalendarinfo.com (current page)
Alamogordo Public Schools 2025-2026 in PDF,New Mexico,alamogordo-public-schools,2024-2025,2025-03-24,2025-03-28,2024-12-23,2025-01-06,2025-05-23,2024-08-08,2024-08-08,2025-05-23,schoolcalendarinfo.com (current page)
Albemarle County Public Schools 2025-2026 in PDF,Virginia,albemarle-county-public-schools,2024-2025,,,,,2025-06-09,2024-08-21,2024-08-21,2025-06-09,schoolcalendarinfo.com (current page)
Aldine Independent School District 2025-2026 in PDF,Texas,aldine-independent-school-district,2024-2025,2025-03-10,2025-03-14,2024-12-20,2025-01-07,2025-05-29,2024-08-12,2024-08-12,2025-05-29,schoolcalendarinfo.com (current page)
Alpine School District Holidays 2025-2026 PDF,Utah,alpine-school-district,2024-2025,2025-03-31,2025-04-04,2024-12-23,2025-01-03,2025-05-23,2024-08-15,2024-08-15,2025-05-23,schoolcalendarinfo.com (current page)
Amphi School District 2025-2026 in PDF | Download,Arizona,amphi-school-district,2024-2025,2025-03-17,2025-03-21,2024-12-23,2025-01-03,2025-05-21,2024-08-07,2024-08-07,2025-05-21,schoolcalendarinfo.com (current page)
Anchorage School District 2025-2026,Alaska,anchorage-school-district,2024-2025,2025-03-10,2025-03-14,2024-12-23,2025-01-03,2025-05-21,2024-08-15,2024-08-15,2025-05-21,schoolcalendarinfo.com (current page)
Andrews Independent School District 2024-2025 in PDF,Texas,andrews-independent-school-district,2024-2025,2025-03-10,2025-03-14,2024-12-23,2025-01-07,2025-05-23,2024-08-15,2024-08-15,2025-05-23,schoolcalendarinfo.com (current page)
Ann Arbor Public Schools 2025 in PDF | Download Now,Michigan,ann-arbor-schools,2024-2025,2025-03-24,2025-03-28,2024-12-23,2025-01-03,2025-06-11,2024-08-26,2024-08-26,2025-06-11,schoolcalendarinfo.com (current page)
Anne Arundel County Public Schools 2025-2026 PDF,Maryland,anne-arundel-county-public-schools,2024-2025,2025-04-14,2025-04-21,2024-12-23,2025-01-01,2025-06-13,2024-08-26,2024-08-26,2025-06-13,schoolcalendarinfo.com (current page)
Arlington Public Schools 2025-2026 in PDF,Virginia,arlington-public-schools,2024-2025,2025-04-14,2025-04-21,2024-12-23,2025-01-03,2025-06-18,2024-08-26,2024-08-26,2025-06-18,schoolcalendarinfo.com (current page)
Asheboro City Schools 2025-2026 in PDF | Download,North Carolina,asheboro-city-schools,2024-2025,2025-04-14,2025-04-21,2024-12-23,2025-01-03,2025-06-10,2024-08-26,2024-08-26,2025-06-10,schoolcalendarinfo.com (current page)
Asheville City Schools 2025-2026 in PDF,North Carolina,asheville-city-schools,2024-2025,2025-04-14,2025-04-18,2024-12-23,2025-01-03,2025-06-06,2024-08-26,2024-08-26,2025-06-06,schoolcalendarinfo.com (current page)
Atlanta Public Schools Holidays 2022-2023,,atlanta-public-schools,2024-2025,2025-04-07,2025-04-11,2024-12-23,2025-01-06,2025-05-29,2024-08-01,2024-08-01,2025-05-29,schoolcalendarinfo.com (current page)
Auburn City Schools 2024-2025 in PDF,Alabama,auburn-city-schools,2024-2025,2025-03-10,2025-03-14,2024-12-20,2025-01-06,2025-05-22,2024-08-08,2024-08-08,2025-05-22,schoolcalendarinfo.com (current page)
Austin Independent School District Holidays 2025-2026,Texas,austin-independent-school-district,2024-2025,2025-03-14,2025-03-21,2024-12-23,2025-01-06,2025-05-29,2024-08-20,2024-08-20,2025-05-29,schoolcalendarinfo.com (current page)
Autauga County Schools 2025-2026 in PDF,Alabama,autauga-county-schools,2024-2025,2025-03-24,2025-03-28,2024-12-19,2025-01-03,2025-05-23,2024-08-07,2024-08-07,2025-05-23,schoolcalendarinfo.com (current page)
Baldwin County Public Schools 2025-2026 in PDF,Alabama,baldwin-county-public-schools,2024-2025,2025-04-14,2025-04-21,2024-12-23,2025-01-07,2025-05-22,2024-08-08,2024-08-08,2025-05-22,schoolcalendarinfo.com (current page)
Baltimore County Public Schools 2025-2026,Maryland,baltimore-county-public-schools-calendar-2022-2023,2024-2025,2025-04-14,2025-04-21,2024-12-23,2025-01-01,2025-06-11,2024-08-26,2024-08-26,2025-06-11,schoolcalendarinfo.com (current page)
Bellevue School District 2025-2026 in PDF,,bellevue-school-district,2024-2025,2025-04-07,2025-04-11,2024-12-23,2025-01-03,2025-06-18,2024-09-03,2024-09-03,2025-06-18,schoolcalendarinfo.com (current page)
Birmingham City Schools 2025-2026 in PDF,Alabama,birmingham-city-schools,2024-2025,2025-03-24,2025-03-28,2024-12-19,2025-01-03,2025-06-04,2024-08-05,2024-08-05,2025-06-04,schoolcalendarinfo.com (current page)
Bismarck Public Schools Holidays 2025-2026 in PDF,North Dakota,bismarck-public-schools,2024-2025,2025-04-18,2025-04-21,2024-12-23,2025-01-01,2025-05-23,2024-08-21,2024-08-21,2025-05-23,schoolcalendarinfo.com (current page)
Bixby Public Schools 2025-2026 (Oklahoma),Oklahoma,bixby-public-schools,2024-2025,2025-03-17,2025-03-24,2024-12-23,2025-01-06,2025-05-22,2024-08-20,2024-08-20,2025-05-22,schoolcalendarinfo.com (current page)
Blue Valley School District 2025-2026 (Kansas),Kansas,blue-valley-school-district,2024-2025,2025-03-14,2025-03-24,2024-12-23,2025-01-03,2025-05-23,2024-08-13,2024-08-13,2025-05-23,schoolcalendarinfo.com (current page)
Boise School District 2025-2026 in PDF,Idaho,boise-school-district,2024-2025,2025-03-17,2025-03-21,2024-12-23,2025-01-06,2025-05-22,2024-08-14,2024-08-14,2025-05-22,schoolcalendarinfo.com (current page)
Boone County Schools 2025-2026 &amp; Holidays PDF,Kentucky,boone-county-schools,2024-2025,2025-04-07,2025-04-11,2024-12-23,2025-01-03,2025-05-22,2024-08-15,2024-08-15,2025-05-22,schoolcalendarinfo.com (current page)
Bossier Parish Schools 2025-2026 in PDF,Louisiana,bossier-parish-schools,2024-2025,2025-03-10,2025-03-14,2024-12-19,2025-01-06,2025-05-20,2024-08-08,2024-08-08,2025-05-20,schoolcalendarinfo.com (current page)
Bridgeport Public Schools 2025-2026 in PDF,Connecticut,bridgeport-public-schools,2024-2025,2025-04-14,2025-04-18,2024-12-23,2025-01-01,2025-06-13,2024-08-29,2024-08-29,2025-06-13,schoolcalendarinfo.com (current page)
Bridgewater-Raritan Regional School District 2025-2026,,bridgewater-raritan-regional-school-district,2024-2025,2025-04-14,2025-04-18,2024-12-23,2025-01-01,2025-06-19,2024-09-04,2024-09-04,2025-06-19,schoolcalendarinfo.com (current page)
Bristol Tennessee City Schools 2025-2026 in PDF,Tennessee,bristol-tennessee-city-schools,2024-2025,2025-03-10,2025-03-17,2024-12-23,2025-01-06,2025-05-23,2024-08-06,2024-08-06,2025-05-23,schoolcalendarinfo.com (current page)
Broken Arrow Public Schools 2025-2026 in PDF,Oklahoma,broken-arrow-public-schools,2024-2025,2025-03-14,2025-03-21,2024-12-23,2025-01-06,2025-05-23,2024-08-14,2024-08-14,2025-05-23,schoolcalendarinfo.com (current page)
Broward County Public Schools Holidays 2025-2026,,broward-county-public-schools,2024-2025,2025-03-21,2025-03-31,2024-12-23,2025-01-06,2025-06-03,2024-08-12,2024-08-12,2025-06-03,schoolcalendarinfo.com (current page)
Bryan County Schools 2025-2026 | Academic,Georgia,bryan-county-schools,2024-2025,2025-03-31,2025-04-04,2024-12-18,2025-01-03,2025-05-22,2024-08-01,2024-08-01,2025-05-22,schoolcalendarinfo.com (current page)
Buford City Schools 2025-2026 in PDF | Academic,Georgia,buford-city-schools,2024-2025,2025-04-07,2025-04-11,2024-12-23,2025-01-07,2025-05-22,2024-08-02,2024-08-02,2025-05-22,schoolcalendarinfo.com (current page)
Bulloch County Schools 2025-2026 with Holidays,Georgia,bulloch-county-schools,2024-2025,2025-04-07,2025-04-11,2024-12-23,2025-01-06,2025-05-23,2024-08-01,2024-08-01,2025-05-23,schoolcalendarinfo.com (current page)
Butts County Schools 2025-2026 in PDF | Download Now,Georgia,butts-county-schools,2024-2025,2025-04-07,2025-04-11,2024-12-10,2025-01-06,2025-05-23,2024-08-01,2024-08-01,2025-05-23,schoolcalendarinfo.com (current page)
CCISD 2025-2026 (Clear Creek Independent School District),Texas,ccisd-calendar,2024-2025,2025-03-17,2025-03-24,2024-12-23,2025-01-06,2025-05-22,2024-08-14,2024-08-14,2025-05-22,schoolcalendarinfo.com (current page)
CMS Schools 2022-2023 | Charlotte-Mecklenburg Schools,Texas,charlotte-mecklenburg-schools,2024-2025,2025-04-14,2025-04-21,2024-12-23,2025-01-03,2025-06-10,2024-08-26,2024-08-26,2025-06-10,schoolcalendarinfo.com (current page)
Cabarrus County Schools 2025-2026 in PDF,North Carolina,cabarrus-county-schools,2024-2025,2025-03-10,2025-03-14,2024-12-23,2025-01-03,2025-05-21,2024-08-13,2024-08-13,2025-05-21,schoolcalendarinfo.com (current page)
Cabell County Schools 2025-2026 in PDF | Holiday Dates,Virginia,cabell-county-schools,2024-2025,2025-03-24,2025-03-28,2024-12-23,2025-01-03,2025-05-23,2024-08-14,2024-08-14,2025-05-23,schoolcalendarinfo.com (current page)
Caddo Parish Public Schools Holidays 2025-2026 PDF,Louisiana,caddo-parish-public-schools,2024-2025,,2025-03-14,2024-12-20,2025-01-06,2025-05-15,2024-08-08,2024-08-08,2025-05-15,schoolcalendarinfo.com (current page)
Caldwell County Schools 2025-2026 in PDF | Holiday,North Carolina,caldwell-county-schools,2024-2025,2025-04-21,2025-04-25,2024-12-23,2025-01-03,2025-06-04,2024-08-26,2024-08-26,2025-06-04,schoolcalendarinfo.com (current page)
Calvert County Public Schools 2025-2026 in PDF,Maryland,calvert-county-public-schools,2024-2025,2025-04-14,2025-04-21,2024-12-23,2025-01-01,2025-06-11,2024-08-27,2024-08-27,2025-06-11,schoolcalendarinfo.com (current page)
Camas School District 2025-2026 (Washington),Washington,camas-school-district,2024-2025,2025-03-31,2025-04-04,2024-12-23,2025-01-03,2025-06-18,2024-09-03,2024-09-03,2025-06-18,schoolcalendarinfo.com (current page)
Cambridge Public Schools 2025-2026 in PDF,Massachusetts,cambridge-public-schools,2024-2025,2025-04-18,2025-04-25,2024-12-23,2025-01-02,2025-06-24,2024-09-03,2024-09-03,2025-06-24,schoolcalendarinfo.com (current page)
Camden County Schools 2025-2026 in PDF,Georgia,camden-county-schools,2024-2025,2025-03-31,2025-04-04,2024-12-23,2025-01-06,2025-05-23,2024-08-08,2024-08-08,2025-05-23,schoolcalendarinfo.com (current page)
Capistrano Unified School District 2025-2026 in PDF,California,capistrano-unified-school-district-calendar-2023-2024-in-pdf,2024-2025,2025-04-07,2025-04-11,2024-12-23,2025-01-03,2025-06-05,2024-08-20,2024-08-20,2025-06-05,schoolcalendarinfo.com (current page)
Carroll County Public Schools 2025-2026 in PDF,Maryland,carroll-county-public-schools,2024-2025,2025-04-17,2025-04-22,2024-12-23,2025-01-01,2025-06-13,2024-09-03,2024-09-03,2025-06-13,schoolcalendarinfo.com (current page)
Carrollton City Schools 2025-2026 in PDF | Download,Georgia,carrollton-city-schools,2024-2025,2025-04-07,2025-04-11,2024-12-23,2025-01-06,2025-05-21,2024-08-12,2024-08-12,2025-05-21,schoolcalendarinfo.com (current page)
Carrollton-Farmers Branch ISD 2025-2026 in PDF,Texas,carrollton-farmers-branch-isd,2024-2025,2025-03-17,2025-03-21,2024-12-23,2025-01-06,2025-05-22,2024-08-12,2024-08-12,2025-05-22,schoolcalendarinfo.com (current page)
Carteret County Schools 2025 in PDF,North Carolina,carteret-county-schools,2024-2025,2025-04-21,2025-04-25,2024-12-23,2025-01-03,2025-06-05,2024-08-26,2024-08-26,2025-06-05,schoolcalendarinfo.com (current page)
Catawba County Schools 2025-2026 in PDF | Holidays,North Carolina,catawba-county-schools,2024-2025,2025-04-18,2025-04-25,2024-12-23,2025-01-03,2025-05-23,2024-08-26,2024-08-26,2025-05-23,schoolcalendarinfo.com (current page)
Cecil County Public Schools 2025-2026 in PDF,Maryland,cecil-county-public-schools,2024-2025,2025-04-18,2025-04-21,2024-12-23,2025-01-03,2025-06-13,2024-09-03,2024-09-03,2025-06-13,schoolcalendarinfo.com (current page)
Cedar Falls Schools 2025-2026 in PDF | Download Now,Iowa,cedar-falls-schools,2024-2025,2025-03-17,2025-03-21,2024-12-23,2025-01-02,2025-05-30,2024-08-23,2024-08-23,2025-05-30,schoolcalendarinfo.com (current page)
Centerville City Schools 2025-2026 (Ohio),Ohio,centerville-city-schools,2024-2025,2025-03-21,2025-03-28,2024-12-23,2025-01-03,2025-05-23,2024-08-14,2024-08-14,2025-05-23,schoolcalendarinfo.com (current page)
Central Bucks School District 2025-2026 in PDF,Pennsylvania,central-bucks-school-district,2024-2025,2025-04-17,2025-04-21,2024-12-23,2025-01-01,2025-06-13,2024-09-03,2024-09-03,2025-06-13,schoolcalendarinfo.com (current page)
Central Kitsap School District 2025-2026 in PDF,Washington,central-kitsap-school-district,2024-2025,2025-04-07,2025-04-11,2024-12-23,2025-01-03,2025-06-17,2024-09-04,2024-09-04,2025-06-17,schoolcalendarinfo.com (current page)
Chandler Unified School District 80 2025-2026,Arizona,chandler-unified-school-district-80,2024-2025,2025-03-10,2025-03-24,2024-12-20,2025-01-06,2025-05-22,2024-07-17,2024-07-17,2025-05-22,schoolcalendarinfo.com (current page)
Chapel Hill Carrboro City Schools 2025 in PDF,North Carolina,chapel-hill-carrboro-city-schools,2024-2025,2025-03-28,2025-04-04,2024-12-23,2025-01-03,2025-06-12,2024-08-26,2024-08-26,2025-06-12,schoolcalendarinfo.com (current page)
Charleston County School District 2025-2026 in PDF,South Carolina,charleston-county-school-district,2024-2025,2025-04-14,2025-04-21,2024-12-23,2025-01-03,2025-05-29,2024-08-13,2024-08-13,2025-05-29,schoolcalendarinfo.com (current page)
Cheatham County Schools 2025 in PDF | Download Now,Tennessee,cheatham-county-schools,2024-2025,2025-03-24,2025-03-28,2024-12-23,2025-01-06,2025-05-20,2024-08-07,2024-08-07,2025-05-20,schoolcalendarinfo.com (current page)
Cherokee County School District 2025-2026 in PDF,,cherokee-county-school-district,2024-2025,2025-03-31,2025-04-04,2024-12-23,2025-01-03,2025-05-23,2024-08-01,2024-08-01,2025-05-23,schoolcalendarinfo.com (current page)
Cherry Creek School District 2025-2026 in PDF,Colorado,cherry-creek-school-district,2024-2025,2025-03-17,2025-03-21,2024-12-23,2025-01-06,2025-05-23,2024-08-12,2024-08-12,2025-05-23,schoolcalendarinfo.com (current page)
Cherry Hill Public Schools 2025-2026 in PDF,New Jersey,cherry-hill-public-schools,2024-2025,2025-04-14,2025-04-18,2024-12-23,2025-01-01,2025-06-19,2024-09-03,2024-09-03,2025-06-19,schoolcalendarinfo.com (current page)
Cheshire Public Schools 2025-2026 in PDF | Download Now,Connecticut,cheshire-public-schools,2024-2025,2025-04-14,2025-04-18,2024-12-23,2025-01-01,2025-06-10,2024-08-29,2024-08-29,2025-06-10,schoolcalendarinfo.com (current page)
Chesterfield County Public Schools 2025-2026,Virginia,chesterfield-county-public-schools,2024-2025,2025-03-31,2025-04-04,2024-12-23,2025-01-03,2025-05-30,2024-08-19,2024-08-19,2025-05-30,schoolcalendarinfo.com (current page)
Chula Vista Elementary School District 2025-2026,California,chula-vista-elementary-school-district,2024-2025,2025-03-24,2025-04-04,2024-12-23,2025-01-13,2025-06-06,2024-07-24,2024-07-24,2025-06-06,schoolcalendarinfo.com (current page)
Clark County School District Holidays 2025-2026 PDF,Nevada,clark-county-school-district,2024-2025,2025-03-17,2025-03-21,2024-12-23,2025-01-03,2025-05-23,2024-08-12,2024-08-12,2025-05-23,schoolcalendarinfo.com (current page)
Clayton County Public Schools Holidays 2025-2026,Georgia,clayton-county-public-schools,2024-2025,2025-04-07,2025-04-11,2024-12-23,2025-01-06,2025-05-23,2024-08-01,2024-08-01,2025-05-23,schoolcalendarinfo.com (current page)
Cobb County School District Holidays 2025-2026,Georgia,cobb-county-school-district,2024-2025,2025-04-07,2025-04-11,2024-12-23,2025-01-03,2025-05-21,2024-08-01,2024-08-01,2025-05-21,schoolcalendarinfo.com (current page)
Cocke County School 2025 in PDF | Download,Tennessee,cocke-county-school,2024-2025,2025-03-24,2025-03-28,2024-12-23,2025-01-03,2025-05-21,2024-08-02,2024-08-02,2025-05-21,schoolcalendarinfo.com (current page)
Collier County Public Schools 2025-2026(Florida),Florida,collier-county-public-schools,2024-2025,2025-03-10,2025-03-14,2024-12-20,2025-01-03,2025-06-03,2024-08-13,2024-08-13,2025-06-03,schoolcalendarinfo.com (current page)
Colquitt County Schools 2025-2026 (Georgia),Georgia,colquitt-county-schools,2024-2025,2025-03-31,2025-04-04,2024-12-20,2025-01-07,2025-05-21,2024-08-01,2024-08-01,2025-05-21,schoolcalendarinfo.com (current page)
Columbia Public Schools 2025-2026 in PDF,Missouri,columbia-public-schools,2024-2025,2025-03-24,2025-03-28,2024-12-23,2025-01-03,2025-05-22,2024-08-20,2024-08-20,2025-05-22,schoolcalendarinfo.com (current page)
Comal Independent School District 2025-2026 in PDF,Texas,comal-independent-school-district-calendar-2023-2024-in-pdf,2024-2025,2025-03-17,2025-03-21,2024-12-23,2025-01-06,2025-05-22,2024-08-20,2024-08-20,2025-05-22,schoolcalendarinfo.com (current page)
Conroe Independent School District 2025-2026,Texas,conroe-independent-school-district,2024-2025,2025-03-10,2025-03-14,2024-12-23,2025-01-06,2025-05-23,2024-08-14,2024-08-14,2025-05-23,schoolcalendarinfo.com (current page)
Coweta County Schools 2025-2026 in PDF,Georgia,coweta-county-schools,2024-2025,2025-04-07,2025-04-11,2024-12-19,2025-01-02,2025-05-23,2024-08-01,2024-08-01,2025-05-23,schoolcalendarinfo.com (current page)
Cranston Public Schools 2025-2026 in PDF,Rhode Island,cranston-public-schools,2024-2025,2025-04-14,2025-04-18,2024-12-23,2025-01-01,2025-06-17,2024-08-30,2024-08-30,2025-06-17,schoolcalendarinfo.com (current page)
Crown Point Schools 2025-2026 in PDF | Download,Indiana,crown-point-schools,2024-2025,2025-03-24,2025-03-28,2024-12-23,2025-01-06,2025-06-02,2024-08-14,2024-08-14,2025-06-02,schoolcalendarinfo.com (current page)
Cullman County Schools 2025-2026 | Holidays,Alabama,cullman-county-schools,2024-2025,2025-03-24,2025-03-28,2024-12-23,2025-01-06,2025-05-22,2024-08-08,2024-08-08,2025-05-22,schoolcalendarinfo.com (current page)
Cumberland County Schools 2025-2026 in PDF,North Carolina,cumberland-county-schools,2024-2025,2025-04-14,2025-04-21,2024-12-23,2025-01-03,2025-05-23,2024-08-26,2024-08-26,2025-05-23,schoolcalendarinfo.com (current page)
Dalton Public Schools 2025-2026 in PDF,Georgia,dalton-public-schools,2024-2025,2025-03-31,2025-04-04,2024-12-23,2025-01-03,2025-05-23,2024-08-08,2024-08-08,2025-05-23,schoolcalendarinfo.com (current page)
Dare County Schools 2025-2026 in PDF &amp; Holidays,North Carolina,dare-county-schools,2024-2025,2025-04-21,2025-04-25,2024-12-23,2025-01-03,2025-06-06,2024-08-26,2024-08-26,2025-06-06,schoolcalendarinfo.com (current page)
Darien Public Schools 2025-2026 in PDF,Connecticut,darien-public-schools,2024-2025,2025-04-14,2025-04-18,2024-12-23,2025-01-01,2025-06-16,2024-08-28,2024-08-28,2025-06-16,schoolcalendarinfo.com (current page)
Davidson County Schools 2025-2026 (North Carolina),North Carolina,davidson-county-schools-calendar-2022-2023,2024-2025,2025-04-17,2025-04-23,2024-12-23,2025-01-03,2025-06-06,2024-08-26,2024-08-26,2025-06-06,schoolcalendarinfo.com (current page)
Dawson County Schools 2025-2026 in PDF,Georgia,dawson-county-schools,2024-2025,2025-03-31,2025-04-04,2024-12-23,2025-01-03,2025-05-21,2024-08-02,2024-08-02,2025-05-21,schoolcalendarinfo.com (current page)
DeKalb County School District Holidays 2025-2026 PDF,Georgia,dekalb-county-school-district,2024-2025,2025-04-07,2025-04-11,2024-12-23,2025-01-06,2025-05-29,2024-08-05,2024-08-05,2025-05-29,schoolcalendarinfo.com (current page)
Deer Creek Schools 2025-2026 (Oklahoma),Oklahoma,deer-creek-schools,2024-2025,2025-03-14,2025-03-21,2024-12-23,2025-01-06,2025-05-22,2024-08-14,2024-08-14,2025-05-22,schoolcalendarinfo.com (current page)
Denver Public Schools Holidays 2025-2026 PDF,,denver-public-schools,2024-2025,2025-03-24,2025-03-31,2024-12-23,2025-01-06,2025-06-03,2024-08-19,2024-08-19,2025-06-03,schoolcalendarinfo.com (current page)
Dickson County Schools 2025-2026 in PDF,Tennessee,dickson-county-schools,2024-2025,2025-03-17,2025-03-21,2024-12-23,2025-01-06,2025-05-23,2024-08-01,2024-08-01,2025-05-23,schoolcalendarinfo.com (current page)
Dothan City Schools 2025-2026 in PDF | Holiday Dates,Alabama,dothan-city-schools,2024-2025,2025-03-24,2025-03-28,2024-12-23,2025-01-06,2025-05-22,2024-08-06,2024-08-06,2025-05-22,schoolcalendarinfo.com (current page)
Douglas County Schools 2025-2026 in PDF,Georgia,douglas-county-schools,2024-2025,2025-04-07,2025-04-11,2024-12-19,2025-01-03,2025-05-21,2024-08-01,2024-08-01,2025-05-21,schoolcalendarinfo.com (current page)
Downingtown Area School District 2025-2026,Pennsylvania,downingtown-area-school-district,2024-2025,2025-04-17,2025-04-21,2024-12-23,2025-01-01,2025-06-05,2024-08-26,2024-08-26,2025-06-05,schoolcalendarinfo.com (current page)
East Allen County Schools 2025-2026 in PDF,Indiana,east-allen-county-schools,2024-2025,2025-03-28,2025-04-04,2024-12-23,2025-01-06,2025-05-21,2024-08-07,2024-08-07,2025-05-21,schoolcalendarinfo.com (current page)
Edina Public Schools 2025-2026 PDF | Academic,Minnesota,edina-public-schools,2024-2025,2025-03-31,2025-04-04,2024-12-23,2025-01-03,2025-05-30,2024-08-26,2024-08-26,2025-05-30,schoolcalendarinfo.com (current page)
Edison Township Public Schools 2025 in PDF,New Jersey,edison-township-public-schools,2024-2025,2025-04-14,2025-04-18,2024-12-24,2025-01-01,2025-06-25,2024-09-05,2024-09-05,2025-06-25,schoolcalendarinfo.com (current page)
Edmond Public Schools 2025-2026 in PDF,Oklahoma,edmond-public-schools,2024-2025,2025-03-17,2025-03-21,2024-12-20,2025-01-06,2025-05-21,2024-08-15,2024-08-15,2025-05-21,schoolcalendarinfo.com (current page)
Elizabethton City Schools 2025-2026 (Tennessee),Tennessee,elizabethton-city-schools,2024-2025,2025-03-24,2025-03-28,2024-12-23,2025-01-07,2025-05-23,2024-08-06,2024-08-06,2025-05-23,schoolcalendarinfo.com (current page)
Elkhart Community Schools 2025-2026 &amp; Holidays,Indiana,elkhart-community-schools,2024-2025,2025-04-07,2025-04-11,2024-12-23,2025-01-03,2025-05-29,2024-08-15,2024-08-15,2025-05-29,schoolcalendarinfo.com (current page)
Enfield Public Schools 2025-2026 in PDF,Connecticut,enfield-public-schools,2024-2025,2025-04-14,2025-04-18,2024-12-23,2025-01-01,2025-06-11,2024-08-29,2024-08-29,2025-06-11,schoolcalendarinfo.com (current page)
Enid Public Schools 2025-2026,,enid-public-schools,2024-2025,2025-03-17,2025-03-21,2024-12-23,2025-01-06,2025-05-15,2024-08-14,2024-08-14,2025-05-15,schoolcalendarinfo.com (current page)
Escambia County School District 2025-2026,Florida,escambia-county-school-district,2024-2025,2025-03-17,2025-03-21,2024-12-23,2025-01-06,2025-05-23,2024-08-12,2024-08-12,2025-05-23,schoolcalendarinfo.com (current page)
Eureka Union School District 2025-2026 in PDF,,eureka-union-school-district,2024-2025,2025-04-14,2025-04-18,2024-12-20,2025-01-06,2025-06-06,2024-08-14,2024-08-14,2025-06-06,schoolcalendarinfo.com (current page)
Fair Lawn Public Schools 2025-2026 in PDF,New Jersey,fair-lawn-public-schools,2024-2025,2025-04-14,2025-04-18,2024-12-23,2025-01-01,2025-06-24,2024-09-04,2024-09-04,2025-06-24,schoolcalendarinfo.com (current page)
Fairfax County Public Schools Holidays 2025-2026,,fairfax-county-public-schools,2024-2025,2025-04-14,2025-04-18,2024-12-23,2025-01-07,2025-06-11,2024-08-19,2024-08-19,2025-06-11,schoolcalendarinfo.com (current page)
Fairfield Public Schools 2025-2026 (Connecticut),Connecticut,fairfield-public-schools,2024-2025,2025-04-14,2025-04-18,2024-12-23,2025-01-01,2025-06-10,2024-08-27,2024-08-27,2025-06-10,schoolcalendarinfo.com (current page)
Farmington Public Schools 2025 in PDF,Michigan,farmington-public-schools,2024-2025,2025-03-24,2025-03-28,2024-12-23,2025-01-03,2025-06-12,2024-08-26,2024-08-26,2025-06-12,schoolcalendarinfo.com (current page)
Fauquier County Public Schools 2025-2026 in PDF,Virginia,fauquier-county-public-schools,2024-2025,2025-04-14,2025-04-21,2024-12-23,2025-01-03,2025-06-04,2024-08-14,2024-08-14,2025-06-04,schoolcalendarinfo.com (current page)
Fayette County Public Schools 2025-2026 in PDF,Kentucky,fayette-county-public-schools,2024-2025,2025-04-07,2025-04-11,2024-12-23,2025-01-06,2025-05-28,2024-08-14,2024-08-14,2025-05-28,schoolcalendarinfo.com (current page)
Findlay City Schools 2025-2026 in PDF,Ohio,findlay-city-schools,2024-2025,2025-03-20,2025-03-24,2024-12-23,2025-01-03,2025-05-22,2024-08-15,2024-08-15,2025-05-22,schoolcalendarinfo.com (current page)
Florence City Schools 2025-2026 in PDF,Alabama,florence-city-schools,2024-2025,2025-03-21,2025-03-28,2024-12-16,2025-01-03,2025-05-22,2024-08-05,2024-08-05,2025-05-22,schoolcalendarinfo.com (current page)
Forsyth County Schools 2025-2026 (Georgia),Georgia,forsyth-county-schools,2024-2025,2025-03-31,2025-04-04,2024-12-23,2025-01-03,2025-05-22,2024-08-01,2024-08-01,2025-05-22,schoolcalendarinfo.com (current page)
Fort Mill School District 2025-2026 in PDF,South Carolina,fort-mill-school-district,2024-2025,2025-04-21,2025-04-25,2024-12-23,2025-01-03,2025-05-23,2024-08-08,2024-08-08,2025-05-23,schoolcalendarinfo.com (current page)
Fort Smith Public Schools 2025-2026 (FSPS),Arkansas,fort-smith-public-schools,2024-2025,2025-03-24,2025-03-28,2024-12-23,2025-01-06,2025-05-23,2024-08-19,2024-08-19,2025-05-23,schoolcalendarinfo.com (current page)
Fort Wayne Community Schools 2025-2026 in PDF,Indiana,fort-wayne-community-schools,2024-2025,2025-03-31,2025-04-04,2024-12-23,2025-01-06,2025-05-22,2024-08-08,2024-08-08,2025-05-22,schoolcalendarinfo.com (current page)
Fort Worth Independent School District 2025-2026,Texas,fort-worth-independent-school-district,2024-2025,2025-03-17,2025-03-24,2024-12-20,2025-01-06,2025-05-22,2024-08-13,2024-08-13,2025-05-22,schoolcalendarinfo.com (current page)
Franklin Township School 2025-2026 in PDF,New Jersey,franklin-township-school,2024-2025,2025-04-14,2025-04-21,2024-12-23,2025-01-01,2025-06-26,2024-09-05,2024-09-05,2025-06-26,schoolcalendarinfo.com (current page)
Fremont Unified School District 2025-2026 PDF,California,fremont-unified-school-district,2024-2025,2025-04-18,2025-04-25,2024-12-23,2025-01-03,2025-05-30,2024-08-14,2024-08-14,2025-05-30,schoolcalendarinfo.com (current page)
Frisco Independent School District 2025-2026 PDF,Texas,frisco-independent-school-district,2024-2025,2025-03-17,2025-03-21,2024-12-23,2025-01-06,2025-05-21,2024-08-12,2024-08-12,2025-05-21,schoolcalendarinfo.com (current page)
Fulton County Schools Holidays 2025-2026 PDF,Georgia,fulton-county-schools,2024-2025,2025-04-07,2025-04-11,2024-12-23,2025-01-06,2025-05-22,2024-08-05,2024-08-05,2025-05-22,schoolcalendarinfo.com (current page)
Gahanna-Jefferson Public Schools 2025-2026 in PDF,Ohio,gahanna-jefferson-public-schools,2024-2025,2025-03-31,2025-04-04,2024-12-23,2025-01-03,2025-05-23,2024-08-15,2024-08-15,2025-05-23,schoolcalendarinfo.com (current page)
Gainesville City Schools 2025-2026 in PDF,Georgia,gainesville-city-schools,2024-2025,2025-04-07,2025-04-11,2024-12-23,2025-01-06,2025-05-21,2024-08-06,2024-08-06,2025-05-21,schoolcalendarinfo.com (current page)
Garland Independent School District 2025-2026,Texas,garland-independent-school-district,2024-2025,2025-03-17,2025-03-21,2024-12-23,2025-01-06,2025-05-23,2024-08-12,2024-08-12,2025-05-23,schoolcalendarinfo.com (current page)
Gaston County Schools 2025-2026 in PDF,North Carolina,gaston-county-schools,2024-2025,2025-04-18,2025-04-25,2024-12-20,2025-01-03,2025-05-21,2024-08-14,2024-08-14,2025-05-21,schoolcalendarinfo.com (current page)
Glastonbury Public Schools 2025-2026 (Connecticut),Connecticut,glastonbury-public-schools,2024-2025,2025-04-14,2025-04-18,2024-12-23,2025-01-01,2025-06-10,2024-08-28,2024-08-28,2025-06-10,schoolcalendarinfo.com (current page)
Gordon County Schools 2025-2026,Georgia,gordon-county-schools,2024-2025,2025-04-07,2025-04-11,2024-12-23,2025-01-06,2025-05-23,2024-08-06,2024-08-06,2025-05-23,schoolcalendarinfo.com (current page)
Grand Forks Public Schools 2025 in PDF,North Dakota,grand-forks-public-schools,2024-2025,2025-03-10,2025-03-14,2024-12-23,2025-01-01,2025-05-29,2024-08-27,2024-08-27,2025-05-29,schoolcalendarinfo.com (current page)
Greater Clark County Schools 2025-2026 in PDF,Indiana,greater-clark-county-schools,2024-2025,2025-03-17,2025-03-21,2024-12-23,2025-01-03,2025-05-22,2024-08-01,2024-08-01,2025-05-22,schoolcalendarinfo.com (current page)
Green Local Schools 2025-2026 in PDF,Ohio,green-local-schools,2024-2025,2025-03-24,2025-03-28,2024-12-23,2025-01-03,2025-05-19,2024-08-14,2024-08-14,2025-05-19,schoolcalendarinfo.com (current page)
Greene County Schools 2025-2026 in PDF,Tennessee,greene-county-schools,2024-2025,2025-03-17,2025-03-21,2024-12-23,2025-01-06,2025-05-20,2024-08-06,2024-08-06,2025-05-20,schoolcalendarinfo.com (current page)
Greenville County School District Holidays 2025-2026 PDF,South Carolina,greenville-county-schools,2024-2025,2025-03-14,2025-03-21,2024-12-23,2025-01-06,2025-05-23,2024-08-08,2024-08-08,2025-05-23,schoolcalendarinfo.com (current page)
Gretna Public Schools 2025-2026 in PDF,,gretna-public-schools,2024-2025,2025-03-17,2025-03-21,2024-12-23,2025-01-03,2025-05-23,2024-08-14,2024-08-14,2025-05-23,schoolcalendarinfo.com (current page)
Guilford County Schools Holidays 2025-2026 PDF,North Carolina,guilford-county-schools,2024-2025,2025-04-14,2025-04-18,2024-12-23,2025-01-03,2025-06-11,2024-08-26,2024-08-26,2025-06-11,schoolcalendarinfo.com (current page)
Gulf Shores City Schools 2025-2026 in PDF,Alabama,gulf-shores-city-schools,2024-2025,2025-04-14,2025-04-18,2024-12-23,2025-01-06,2025-05-23,2024-08-08,2024-08-08,2025-05-23,schoolcalendarinfo.com (current page)
Gwinnett County Public Schools Holidays 2025-2026,Georgia,gwinnett-county-public-schools-calendar,2024-2025,2025-04-07,2025-04-11,2024-12-23,2025-01-03,2025-05-21,2024-08-05,2024-08-05,2025-05-21,schoolcalendarinfo.com (current page)
Habersham County Schools 2025-2026 in PDF,Georgia,habersham-county-schools,2024-2025,2025-04-07,2025-04-11,2024-12-23,2025-01-06,2025-05-23,2024-08-02,2024-08-02,2025-05-23,schoolcalendarinfo.com (current page)
Halifax County Public Schools 2025-2026 in PDF,Virginia,halifax-county-public-schools,2024-2025,2025-04-07,2025-04-11,2024-12-23,2025-01-03,2025-05-22,2024-08-12,2024-08-12,2025-05-22,schoolcalendarinfo.com (current page)
Hamden Public Schools 2025-2026 (Connecticut),Connecticut,hamden-public-schools,2024-2025,2025-04-14,2025-04-18,2024-12-23,2025-01-01,2025-06-11,2024-08-26,2024-08-26,2025-06-11,schoolcalendarinfo.com (current page)
Hamilton Southeastern Schools 2025-2026 in PDF,Indiana,hamilton-southeastern-schools,2024-2025,2025-04-04,2025-04-11,2024-12-23,2025-01-06,2025-05-28,2024-08-07,2024-08-07,2025-05-28,schoolcalendarinfo.com (current page)
Hampton City Schools 2025-2026 in PDF,Virginia,hampton-city-schools,2024-2025,2025-04-07,2025-04-11,2024-12-23,2025-01-03,2025-06-11,2024-08-26,2024-08-26,2025-06-11,schoolcalendarinfo.com (current page)
Hawaii Schools 2025-2026 | Hawaii State DOE,Hawaii,hawaii-schools,2024-2025,2025-03-17,2025-03-21,2024-12-23,2025-01-06,2025-05-30,2024-08-05,2024-08-05,2025-05-30,schoolcalendarinfo.com (current page)
Henry County Schools 2025-2026 in PDF,Georgia,henry-county-schools,2024-2025,2025-04-07,2025-04-11,2024-12-23,2025-01-07,2025-05-23,2024-08-01,2024-08-01,2025-05-23,schoolcalendarinfo.com (current page)
Hernando County Schools 2025-2026 in PDF,Florida,hernando-county-schools,2024-2025,2025-03-17,2025-03-21,2024-12-23,2025-01-06,2025-05-30,2024-08-12,2024-08-12,2025-05-30,schoolcalendarinfo.com (current page)
Highland Park ISD 2025-2026 PDF (Dallas),Texas,highland-park-isd,2024-2025,2025-03-07,2025-03-14,2024-12-23,2025-01-06,2025-05-23,2024-08-14,2024-08-14,2025-05-23,schoolcalendarinfo.com (current page)
Houston County Schools 2025-2026 in PDF,Georgia,houston-county-schools,2024-2025,2025-03-28,2025-04-04,2024-12-23,2025-01-03,2025-05-21,2024-07-31,2024-07-31,2025-05-21,schoolcalendarinfo.com (current page)
Houston Independent School District 2025-2026 PDF,Texas,houston-independent-school-district,2024-2025,2025-03-10,2025-03-14,2024-12-23,2025-01-06,2025-06-04,2024-08-12,2024-08-12,2025-06-04,schoolcalendarinfo.com (current page)
Howell Township Public Schools 2025-2026 | New Jersey,New Jersey,howell-township-public-schools,2024-2025,2025-04-14,2025-04-18,2024-12-23,2025-01-01,2025-06-20,2024-09-09,2024-09-09,2025-06-20,schoolcalendarinfo.com (current page)
Humble Independent School District 2025-2026,Texas,humble-independent-school-district,2024-2025,2026-03-16,2026-03-23,2025-12-22,2026-01-05,2026-05-29,2025-08-13,2025-08-13,2026-05-29,schoolcalendarinfo.com (current page)
Huron Valley Schools 2025 in PDF,Michigan,huron-valley-schools,2024-2025,2025-03-24,2025-03-28,2024-12-23,2025-01-03,2025-06-12,2024-09-03,2024-09-03,2025-06-12,schoolcalendarinfo.com (current page)
Hutchinson Public Schools 2025-2026 (Minnesota),Minnesota,hutchinson-public-schools,2024-2025,2025-03-07,2025-03-14,2024-12-20,2025-01-01,2025-06-04,2024-09-03,2024-09-03,2025-06-04,schoolcalendarinfo.com (current page)
Iredell-Statesville Schools 2025-2026 in PDF,North Carolina,iredell-statesville-schools,2024-2025,2025-04-18,2025-04-22,2024-12-23,2025-01-03,2025-05-23,2024-08-12,2024-08-12,2025-05-23,schoolcalendarinfo.com (current page)
Irving Independent School District 2025-2026 in PDF,Texas,irving-independent-school-district,2024-2025,2025-03-10,2025-03-14,2024-12-23,2025-01-06,2025-05-29,2024-08-12,2024-08-12,2025-05-29,schoolcalendarinfo.com (current page)
Jeffco Public Schools 2025-2026 &amp; Holidays,Colorado,jeffco-public-schools,2024-2025,2025-03-17,2025-03-21,2024-12-23,2025-01-03,2025-05-23,2024-08-14,2024-08-14,2025-05-23,schoolcalendarinfo.com (current page)
Jenks Public Schools 2025-2026 in PDF,Oklahoma,jenks-public-schools,2024-2025,2025-03-14,2025-03-21,2024-12-23,2025-01-06,2025-05-16,2024-08-15,2024-08-15,2025-05-16,schoolcalendarinfo.com (current page)
Jericho Union Free School District 2025-2026 in PDF,New York,jericho-union-free-school-district,2024-2025,2025-04-14,2025-04-18,2024-12-23,2025-01-01,2025-06-27,2024-08-28,2024-08-28,2025-06-27,schoolcalendarinfo.com (current page)
Johnson City Schools 2025-2026 in PDF,,johnson-city-schools,2024-2025,2025-03-17,2025-03-21,2024-12-23,2025-01-06,2025-05-23,2024-08-05,2024-08-05,2025-05-23,schoolcalendarinfo.com (current page)
Jones County School District 2025-2026 (Mississippi),Mississippi,jones-county-school-district,2024-2025,2025-03-17,2025-03-24,2024-12-23,2025-01-06,2025-05-29,2024-08-05,2024-08-05,2025-05-29,schoolcalendarinfo.com (current page)
Jordan School District Holidays 2025-2026,Utah,jordan-school-district,2024-2025,2025-03-31,2025-04-04,2024-12-23,2025-01-03,2025-06-06,2024-08-20,2024-08-20,2025-06-06,schoolcalendarinfo.com (current page)
Katy Independent School District Holidays 2025-2026,Texas,katy-independent-school-district,2024-2025,2025-03-10,2025-03-14,2024-12-23,2025-01-06,2025-05-22,2024-08-14,2024-08-14,2025-05-22,schoolcalendarinfo.com (current page)
Kearney Public Schools 2025-2026 (Nebraska),Nebraska,kearney-public-schools,2024-2025,2025-03-24,2025-03-28,2024-12-23,2025-01-06,2025-05-22,2024-08-15,2024-08-15,2025-05-22,schoolcalendarinfo.com (current page)
Keller Independent School District 2025-2026 (KISD),Texas,keller-independent-school-district,2024-2025,2025-03-17,2025-03-21,2024-12-23,2025-01-06,2025-05-23,2024-08-14,2024-08-14,2025-05-23,schoolcalendarinfo.com (current page)
Kenton County Schools 2025-2026,Kentucky,kenton-county-schools,2024-2025,2025-04-07,2025-04-11,2024-12-23,2025-01-03,2025-05-22,2024-08-14,2024-08-14,2025-05-22,schoolcalendarinfo.com (current page)
Kokomo School Corporation 2025-2026 in PDF,Indiana,kokomo-school-corporation,2024-2025,2025-03-24,2025-04-04,2024-12-23,2025-01-06,2025-05-28,2024-08-01,2024-08-01,2025-05-28,schoolcalendarinfo.com (current page)
Ladue School District 2025-2026 in PDF,Missouri,ladue-school-district,2024-2025,2025-03-14,2025-03-21,2024-12-23,2025-01-06,2025-05-29,2024-08-19,2024-08-19,2025-05-29,schoolcalendarinfo.com (current page)
Lafayette Parish Schools 2025-2026 in PDF,Louisiana,lafayette-parish-schools,2024-2025,2025-04-14,2025-04-21,2024-12-23,2025-01-06,2025-05-22,2024-08-07,2024-08-07,2025-05-22,schoolcalendarinfo.com (current page)
Lake Forest School District 67 2025-2026 in PDF,Illinois,lake-forest-school-district-67,2024-2025,2025-03-24,2025-03-28,2024-12-23,2025-01-03,2025-06-02,2024-08-21,2024-08-21,2025-06-02,schoolcalendarinfo.com (current page)
Lake Havasu Unified School District 2025-2026,Arizona,lake-havasu-unified-school-district,2024-2025,2025-03-17,2025-03-21,2024-12-20,2025-01-06,2025-05-22,2024-08-01,2024-08-01,2025-05-22,schoolcalendarinfo.com (current page)
Lake Orion Community Schools 2025-2026 in PDF,Michigan,lake-orion-community-schools,2024-2025,2025-03-24,2025-03-28,2024-12-23,2025-01-03,2025-06-10,2024-09-03,2024-09-03,2025-06-10,schoolcalendarinfo.com (current page)
Lamar Consolidated ISD 2024-2025,Texas,lamar-consolidated-isd,2024-2025,2025-03-10,2025-03-14,2024-12-20,2025-01-07,2025-05-22,2024-08-12,2024-08-12,2025-05-22,schoolcalendarinfo.com (current page)
Lawrence Public Schools 2025-2026 (Massachusetts),Massachusetts,lawrence-public-schools,2024-2025,2025-04-18,2025-04-25,2024-12-23,2025-01-04,2025-06-24,,,2025-06-24,schoolcalendarinfo.com (current page)
Lawton Public Schools 2025-2026 in PDF,Oklahoma,lawton-public-schools,2024-2025,2025-03-17,2025-03-21,2024-12-23,2025-01-03,2025-05-22,2024-08-14,2024-08-14,2025-05-22,schoolcalendarinfo.com (current page)
Leander Independent School District 2025-2026,Texas,leander-independent-school-district,2024-2025,2025-03-17,2025-03-24,2024-12-23,2025-01-06,2025-05-23,2024-08-14,2024-08-14,2025-05-23,schoolcalendarinfo.com (current page)
Lee County School District 2025-2026,Florida,lee-county-school-district,2024-2025,2025-03-14,2025-03-21,2024-12-23,2025-01-06,2025-05-30,2024-08-12,2024-08-12,2025-05-30,schoolcalendarinfo.com (current page)
Lee’s Summit School District 2025-2026 in PDF,Missouri,lees-summit-school-district,2024-2025,2025-04-07,2025-04-11,2024-12-23,2025-01-06,2025-05-23,2024-08-21,2024-08-21,2025-05-23,schoolcalendarinfo.com (current page)
Lewisville Independent School District 2025-2026,Texas,lewisville-independent-school-district,2024-2025,2025-03-10,2025-03-14,2024-12-23,2025-01-06,2025-05-23,2024-08-13,2024-08-13,2025-05-23,schoolcalendarinfo.com (current page)
Lincoln Public Schools 2025-2026 in PDF,Nebraska,lincoln-public-schools,2024-2025,2025-03-10,2025-03-14,2024-12-23,2025-01-03,2025-05-22,2024-08-12,2024-08-12,2025-05-22,schoolcalendarinfo.com (current page)
Little Miami Schools 2025-2026 &amp; Holiday Breaks,Ohio,little-miami-schools,2024-2025,2025-04-14,2025-04-21,2024-12-20,2025-01-03,2025-05-22,2024-08-15,2024-08-15,2025-05-22,schoolcalendarinfo.com (current page)
Long Beach Unified School District 2025-2026,California,long-beach-unified-school-district,2024-2025,2025-04-14,2025-04-18,2024-12-23,2025-01-03,2025-06-12,2024-08-27,2024-08-27,2025-06-12,schoolcalendarinfo.com (current page)
Loogootee Community Schools 2025-2026,Indiana,loogootee-community-schools,2024-2025,2025-03-24,2025-03-28,2024-12-23,2025-01-03,2025-05-22,2024-08-07,2024-08-07,2025-05-22,schoolcalendarinfo.com (current page)
Los Angeles Unified School District Holidays 2022-2023,,los-angeles-unified-school-district,2024-2025,2025-04-14,2025-04-18,2024-12-16,2025-01-03,2025-06-10,2024-08-12,2024-08-12,2025-06-10,schoolcalendarinfo.com (current page)
Lowell Public Schools 2025-2026 in PDF,Massachusetts,lowell-public-schools,2024-2025,2025-04-18,2025-04-25,2024-12-23,2025-01-01,2025-06-13,2024-08-27,2024-08-27,2025-06-13,schoolcalendarinfo.com (current page)
Lumpkin County School System 2025-2026,Georgia,lumpkin-county-school-system,2024-2025,2025-04-07,2025-04-11,2024-12-20,2025-01-06,2025-05-23,2024-08-05,2024-08-05,2025-05-23,schoolcalendarinfo.com (current page)
Madison County Schools 2025-2026 (Kentucky),Kentucky,madison-county-schools,2024-2025,2025-04-07,2025-04-11,2024-12-23,2025-01-03,2025-05-22,2024-08-14,2024-08-14,2025-05-22,schoolcalendarinfo.com (current page)
Magnolia Independent School District 2025-2026,Texas,magnolia-independent-school-district,2024-2025,2025-03-10,2025-03-14,2024-12-23,2025-01-07,2025-05-23,2024-08-08,2024-08-08,2025-05-23,schoolcalendarinfo.com (current page)
Malden Public Schools 2025-2026 in PDF,Massachusetts,malden-public-schools,2024-2025,2025-04-21,2025-04-25,2024-12-23,2025-01-01,2025-06-13,2024-08-28,2024-08-28,2025-06-13,schoolcalendarinfo.com (current page)
Manatee County School District 2025-2026 in PDF,Florida,manatee-county-school-district,2024-2025,2025-03-17,2025-03-24,2024-12-23,2025-01-06,2025-05-29,2024-08-12,2024-08-12,2025-05-29,schoolcalendarinfo.com (current page)
Manhasset Schools Holidays 2025-2026 | Download PDF,New York,manhasset-schools,2024-2025,2025-04-14,2025-04-21,2024-12-23,2025-01-01,2025-06-27,2024-09-03,2024-09-03,2025-06-27,schoolcalendarinfo.com (current page)
Mansfield Independent School District 2025-2026,Texas,mansfield-independent-school-district,2024-2025,2025-03-17,2025-03-21,2024-12-20,2025-01-07,2025-05-22,2024-08-14,2024-08-14,2025-05-22,schoolcalendarinfo.com (current page)
Martin County School 2025-2026 in PDF,Florida,martin-county-school,2024-2025,2025-04-18,2025-04-21,2024-12-23,2025-01-03,2025-05-29,2024-08-12,2024-08-12,2025-05-29,schoolcalendarinfo.com (current page)
McKinney Independent School District 2025-2026,Texas,mckinney-independent-school-district,2024-2025,2025-03-17,2025-03-24,2024-12-23,2025-01-06,2025-05-22,2024-08-08,2024-08-08,2025-05-22,schoolcalendarinfo.com (current page)
Mentor Public Schools 2025-2026 in PDF | Holidays,Ohio,mentor-public-schools,2024-2025,2025-03-14,2025-03-21,2024-12-23,2025-01-03,2025-05-30,2024-08-20,2024-08-20,2025-05-30,schoolcalendarinfo.com (current page)
Meriden Public Schools 2025-2026 in PDF,,meriden-public-schools,2024-2025,2025-04-14,2025-04-18,2024-12-23,2025-01-01,2025-06-10,2024-08-28,2024-08-28,2025-06-10,schoolcalendarinfo.com (current page)
Mesa Public Schools 2025-2026 in PDF,Arizona,mesa-public-schools,2024-2025,2025-03-10,2025-03-14,2024-12-20,2025-01-06,2025-05-22,2024-08-01,2024-08-01,2025-05-22,schoolcalendarinfo.com (current page)
Metro Nashville Public Schools 2025-2026,Tennessee,metro-nashville-public-schools,2024-2025,2025-03-10,2025-03-14,2024-12-23,2025-01-07,2025-05-22,2024-08-06,2024-08-06,2025-05-22,schoolcalendarinfo.com (current page)
Miami-Dade County Public Schools Holidays 2022-2023,,miami-dade-county-public-schools,2024-2025,2025-03-24,2025-03-31,2024-12-23,2025-01-03,2025-06-05,2024-08-15,2024-08-15,2025-06-05,schoolcalendarinfo.com (current page)
Minnetonka Schools 2025-2026 in PDF,Minnesota,minnetonka-schools,2024-2025,2025-03-31,2025-04-07,2024-12-23,2025-01-06,2025-06-10,2024-09-03,2024-09-03,2025-06-10,schoolcalendarinfo.com (current page)
Montclair Public Schools 2025 in PDF,New Jersey,montclair-public-schools,2024-2025,2025-04-14,2025-04-18,2024-12-24,2025-01-01,2025-06-26,2024-09-05,2024-09-05,2025-06-26,schoolcalendarinfo.com (current page)
Moore Schools 2025-2026 in PDF | Holiday Breaks,Oklahoma,moore-schools,2024-2025,2025-03-14,2025-03-21,2024-12-23,2025-01-06,2025-05-16,2024-08-08,2024-08-08,2025-05-16,schoolcalendarinfo.com (current page)
Muscogee County Public Schools 2025-2026,,muscogee-county-public-schools,2024-2025,2025-03-31,2025-04-04,2024-12-23,2025-01-06,2025-05-23,2024-08-08,2024-08-08,2025-05-23,schoolcalendarinfo.com (current page)
Nashua School District 2025-2026 in PDF,New Hampshire,nashua-school-district,2024-2025,2025-04-28,2025-05-02,2024-12-23,2025-01-01,2025-06-13,,,2025-06-13,schoolcalendarinfo.com (current page)
New Albany Floyd County Schools 2025-2026 in PDF,Indiana,new-albany-floyd-county-schools,2024-2025,2025-03-17,2025-03-28,2024-12-23,2025-01-06,2025-05-30,2024-07-31,2024-07-31,2025-05-30,schoolcalendarinfo.com (current page)
New Bedford Public Schools 2025 in PDF,Massachusetts,new-bedford-public-schools,2024-2025,,,,,2025-06-10,2024-08-29,2024-08-29,2025-06-10,schoolcalendarinfo.com (current page)
New Caney Independent School District 2025-2026,Texas,new-caney-independent-school-district,2024-2025,2025-04-07,2025-04-11,2024-12-23,2025-01-06,2025-05-22,2024-08-07,2024-08-07,2025-05-22,schoolcalendarinfo.com (current page)
New Hanover County Schools 2025-2026 in PDF,North Carolina,new-hanover-county-schools,2024-2025,2025-04-14,2025-04-21,2024-12-20,2025-01-03,2025-06-06,2024-08-27,2024-08-27,2025-06-06,schoolcalendarinfo.com (current page)
New Trier Township High School District 203 2025-2026,Illinois,new-trier-township-high-school-district-203,2024-2025,2025-03-24,2025-03-28,2024-12-20,2025-01-03,2025-06-06,2024-08-21,2024-08-21,2025-06-06,schoolcalendarinfo.com (current page)
Newport News Public Schools 2025-2026 in PDF,Virginia,newport-news-public-schools,2024-2025,2025-04-07,2025-04-14,2024-12-23,2025-01-06,2025-06-10,2024-08-26,2024-08-26,2025-06-10,schoolcalendarinfo.com (current page)
Norfolk Public Schools 2025-2026 Holidays PDF,Virginia,norfolk-public-schools,2024-2025,2025-04-14,2025-04-18,2024-12-23,2025-01-03,2025-05-30,2024-08-19,2024-08-19,2025-05-30,schoolcalendarinfo.com (current page)
Northside Independent School District 2025-2026 PDF,Texas,northside-independent-school-district,2024-2025,2025-03-10,2025-03-14,2024-12-23,2025-01-06,2025-05-29,2024-08-19,2024-08-19,2025-05-29,schoolcalendarinfo.com (current page)
Ogden School District 2025-2026 in PDF,Utah,ogden-school-district,2024-2025,2025-03-31,2025-04-04,2024-12-23,2025-01-03,2025-05-23,2024-08-16,2024-08-16,2025-05-23,schoolcalendarinfo.com (current page)
Ohio County Schools Holidays 2024-2025,Kentucky,ohio-county-schools,2024-2025,2025-03-31,2025-04-04,2024-12-23,2025-01-03,2025-05-14,2024-08-07,2024-08-07,2025-05-14,schoolcalendarinfo.com (current page)
Okaloosa County School District 2025-2026 in PDF,Florida,okaloosa-county-school-district,2024-2025,2025-03-14,2025-03-24,2024-12-23,2025-01-07,2025-05-29,2024-08-12,2024-08-12,2025-05-29,schoolcalendarinfo.com (current page)
Old Bridge Township Public Schools 2025-2026,New Jersey,old-bridge-township-public-schools,2024-2025,2025-04-14,2025-04-18,2024-12-23,2025-01-01,2025-06-20,2024-09-05,2024-09-05,2025-06-20,schoolcalendarinfo.com (current page)
Olentangy Local School District 2025-2026 in PDF,Delaware,olentangy-local-school-district,2024-2025,2025-03-24,2025-03-28,2024-12-23,2025-01-03,2025-05-22,2024-08-15,2024-08-15,2025-05-22,schoolcalendarinfo.com (current page)
Orange County Public Schools 2025-2026 | OCPS,,orange-county-public-schools,2024-2025,2025-03-14,2025-03-21,2024-12-23,2025-01-06,2025-05-28,2024-08-12,2024-08-12,2025-05-28,schoolcalendarinfo.com (current page)
Oregon School District Holidays 2025-2026,Oregon,oregon-school-district-calendar,2024-2025,2025-03-31,2025-04-04,2024-12-23,2025-01-01,2025-06-11,2024-09-03,2024-09-03,2025-06-11,schoolcalendarinfo.com (current page)
Osceola County School District Holidays 2025-2026,,osceola-county-school-district,2024-2025,2025-03-17,2025-03-24,2024-12-23,2025-01-06,2025-05-30,2024-08-12,2024-08-12,2025-05-30,schoolcalendarinfo.com (current page)
Pasco County Schools Holidays 2025-2026 PDF,Florida,pasco-county-schools,2024-2025,2025-03-14,2025-03-21,2024-12-23,2025-01-06,2025-05-30,2024-08-12,2024-08-12,2025-05-30,schoolcalendarinfo.com (current page)
Paulding County School District 2025-2026 in PDF,Georgia,paulding-county-school-district,2024-2025,2025-04-07,2025-04-11,2024-12-23,2025-01-03,2025-05-21,2024-08-01,2024-08-01,2025-05-21,schoolcalendarinfo.com (current page)
Pender County Schools 2025-2026 in PDF,North Carolina,pender-county-schools,2024-2025,2025-03-07,2025-03-28,2024-12-13,2025-01-03,2025-06-02,2024-07-15,2024-07-15,2025-06-02,schoolcalendarinfo.com (current page)
Pitt County Schools 2025-2026 &amp; Holiday Breaks,North Carolina,pitt-county-schools,2024-2025,2025-03-17,2025-03-21,2024-12-23,2025-01-03,2025-06-10,2024-08-26,2024-08-26,2025-06-10,schoolcalendarinfo.com (current page)
Plainfield School District 202 2025-2026 in PDF,Illinois,plainfield-school-district-202,2024-2025,2025-03-31,2025-04-07,2024-12-23,2025-01-06,2025-05-28,2024-08-15,2024-08-15,2025-05-28,schoolcalendarinfo.com (current page)
Plano Independent School District 2025-2026,Texas,plano-independent-school-district,2024-2025,2025-03-17,2025-03-24,2024-12-23,2025-01-06,2025-05-23,2024-08-13,2024-08-13,2025-05-23,schoolcalendarinfo.com (current page)
Polk County Public Schools Holidays 2025-2026 PDF,,polk-county-public-schools,2024-2025,2025-03-17,2025-03-21,2024-12-23,2025-01-07,2025-05-29,2024-08-12,2024-08-12,2025-05-29,schoolcalendarinfo.com (current page)
Polk County Schools 2025-2026 in PDF,Florida,polk-county-schools,2024-2025,2025-04-07,2025-04-11,2024-12-23,2025-01-03,2025-05-23,2024-08-08,2024-08-08,2025-05-23,schoolcalendarinfo.com (current page)
Portage Public Schools 2025-2026 in PDF,Michigan,portage-public-schools,2024-2025,2025-03-28,2025-04-04,2024-12-25,2025-01-03,2025-06-06,2024-08-26,2024-08-26,2025-06-06,schoolcalendarinfo.com (current page)
Portland Public Schools Holidays 2025-2026 PDF,Oregon,portland-public-schools,2024-2025,2025-03-24,2025-03-28,2024-12-23,2025-01-03,2025-06-10,2024-08-27,2024-08-27,2025-06-10,schoolcalendarinfo.com (current page)
Prince William County Public Schools Holidays 2025-2026,Virginia,prince-william-county-public-schools,2024-2025,2025-04-14,2025-04-21,2024-12-23,2025-01-03,2025-06-12,2024-08-19,2024-08-19,2025-06-12,schoolcalendarinfo.com (current page)
Prosper Independent School District 2025-2026,Texas,prosper-independent-school-district,2024-2025,2025-03-17,2025-03-21,2024-12-23,2025-01-06,2025-05-23,2024-08-13,2024-08-13,2025-05-23,schoolcalendarinfo.com (current page)
Randolph Township School District 2025-2026 in PDF,New Jersey,randolph-township-schools-district,2024-2025,2025-04-14,2025-04-18,2024-12-24,2025-01-01,2025-06-12,2024-08-28,2024-08-28,2025-06-12,schoolcalendarinfo.com (current page)
Reynoldsburg City Schools 2025-2026 in PDF,Ohio,reynoldsburg-city-schools,2024-2025,2025-03-24,2025-03-28,2024-12-23,2025-01-03,2025-05-29,2024-08-23,2024-08-23,2025-05-29,schoolcalendarinfo.com (current page)
Richardson Independent School District 2025-2026,Texas,richardson-independent-school-district,2024-2025,2025-03-17,2025-03-21,2024-12-23,2025-01-06,2025-05-23,2024-08-13,2024-08-13,2025-05-23,schoolcalendarinfo.com (current page)
Richmond City Public Schools 2025-2026 in PDF,Virginia,richmond-city-public-schools,2024-2025,2025-03-31,2025-04-04,2024-12-23,2025-01-03,2025-05-30,2024-08-19,2024-08-19,2025-05-30,schoolcalendarinfo.com (current page)
Richmond County Schools 2025-2026,Georgia,richmond-county-schools,2024-2025,2025-04-07,2025-04-14,2024-12-23,2025-01-03,2025-05-23,2024-08-05,2024-08-05,2025-05-23,schoolcalendarinfo.com (current page)
Roanoke City Schools 2025-2026 in PDF,,roanoke-city-schools,2024-2025,,,,,2025-06-05,2024-08-20,2024-08-20,2025-06-05,schoolcalendarinfo.com (current page)
Robertson County Schools 2025-2026 in PDF,,robertson-county-schools,2024-2025,2025-03-17,2025-03-21,2024-12-23,2025-01-06,2025-05-23,2024-08-06,2024-08-06,2025-05-23,schoolcalendarinfo.com (current page)
Rochester City School District 2025-2026,New York,rochester-city-school-district,2024-2025,2025-04-14,2025-04-18,2024-12-23,2025-01-03,2025-06-25,2024-09-05,2024-09-05,2025-06-25,schoolcalendarinfo.com (current page)
Rutherford County Schools Holidays 2025-2026 PDF,Tennessee,rutherford-county-schools,2024-2025,2025-03-31,2025-04-04,2024-12-23,2025-01-07,2025-05-30,2024-08-08,2024-08-08,2025-05-30,schoolcalendarinfo.com (current page)
San Francisco Unified School District 2025-2026 PDF,California,san-francisco-unified-school-district,2024-2025,2025-03-28,2025-04-04,2024-12-23,2025-01-03,2025-06-04,2024-08-19,2024-08-19,2025-06-04,schoolcalendarinfo.com (current page)
Santa Rosa County District Schools 2025-2026 in PDF,Florida,santa-rosa-county-district-schools,2024-2025,2025-03-17,2025-03-21,2024-12-23,2025-01-06,2025-05-29,2024-08-12,2024-08-12,2025-05-29,schoolcalendarinfo.com (current page)
Sarasota County Schools 2025-2026 with Holidays,Florida,sarasota-county-schools,2024-2025,2025-03-14,2025-03-21,2024-12-23,2025-01-06,2025-05-28,2024-08-12,2024-08-12,2025-05-28,schoolcalendarinfo.com (current page)
Schenectady City School District 2025-2026 in PDF,New York,schenectady-city-school-district,2024-2025,2025-04-14,2025-04-18,2024-12-23,2025-01-01,2025-06-27,2024-09-05,2024-09-05,2025-06-27,schoolcalendarinfo.com (current page)
Seminole County Public Schools 2025-2026,Florida,seminole-county-public-schools,2024-2025,2025-03-14,2025-03-21,2024-12-20,2025-01-06,2025-05-28,2024-08-12,2024-08-12,2025-05-28,schoolcalendarinfo.com (current page)
Shelby County Schools 2024-2025 (MSCS Holidays),Tennessee,shelby-county-schools,2024-2025,2025-03-10,2025-03-14,2024-12-23,2025-01-03,2025-05-23,2024-08-05,2024-08-05,2025-05-23,schoolcalendarinfo.com (current page)
South Orange-Maplewood School District 2025-2026,New Jersey,south-orange-maplewood-school-district,2024-2025,2025-04-14,2025-04-18,2024-12-23,2025-01-01,2025-06-19,2024-09-04,2024-09-04,2025-06-19,schoolcalendarinfo.com (current page)
South-Western City School District 2025-2026 in PDF,Ohio,south-western-city-school-district,2024-2025,2025-03-21,2025-03-28,2024-12-23,2025-01-03,2025-06-03,2024-08-21,2024-08-21,2025-06-03,schoolcalendarinfo.com (current page)
Stewart County Schools 2025-2026 in PDF,Tennessee,stewart-county-schools,2024-2025,2025-03-14,2025-03-21,2024-12-16,2025-01-01,2025-05-23,2024-08-05,2024-08-05,2025-05-23,schoolcalendarinfo.com (current page)
Taunton Public Schools 2025-2026 in PDF,Massachusetts,taunton-public-schools,2024-2025,2025-04-18,2025-04-25,2024-12-23,2025-01-01,2025-06-17,2024-08-28,2024-08-28,2025-06-17,schoolcalendarinfo.com (current page)
Toledo Public Schools 2025-2026 in PDF,Ohio,toledo-public-schools,2024-2025,2025-04-14,2025-04-21,2024-12-23,2025-01-06,2025-05-23,2024-08-28,2024-08-28,2025-05-23,schoolcalendarinfo.com (current page)
Trussville City Schools 2025-2026 (Holiday Breaks),Alabama,trussville-city-schools,2024-2025,2025-03-24,2025-03-28,2024-12-23,2025-01-06,2025-05-22,2024-08-07,2024-08-07,2025-05-22,schoolcalendarinfo.com (current page)
Tustin Unified School District 2025-2026 in PDF,California,tustin-unified-school-district,2024-2025,2025-03-17,2025-03-24,2024-12-20,2025-01-03,2025-05-30,2024-08-14,2024-08-14,2025-05-30,schoolcalendarinfo.com (current page)
Ventura Unified School District 2024-2025 in PDF,California,ventura-unified-school-district,2024-2025,2025-03-24,2025-03-28,2024-12-23,2025-01-06,2025-06-05,2024-08-14,2024-08-14,2025-06-05,schoolcalendarinfo.com (current page)
Virginia Beach City Public Schools Holidays 2025-2026 (VBCPS),Virginia,virginia-beach-city-public-schools,2024-2025,2025-04-14,2025-04-18,2024-12-23,2025-01-03,2025-06-13,2024-08-26,2024-08-26,2025-06-13,schoolcalendarinfo.com (current page)
Wake County Public Schools Holidays 2025-2026 PDF,North Carolina,wake-county-public-schools,2024-2025,2025-03-31,2025-04-07,2024-12-23,2025-01-02,2025-06-13,2024-08-27,2024-08-27,2025-06-13,schoolcalendarinfo.com (current page)
Walton County School District 2025-2026 in PDF,Georgia,walton-county-school-district,2024-2025,2025-04-07,2025-04-11,2024-12-23,2025-01-03,2025-05-21,2024-08-01,2024-08-01,2025-05-21,schoolcalendarinfo.com (current page)
Warren Consolidated Schools 2025-2026 in PDF,Michigan,warren-consolidated-schools,2024-2025,2025-03-24,2025-03-31,2024-12-23,2025-01-03,2025-06-12,2024-08-28,2024-08-28,2025-06-12,schoolcalendarinfo.com (current page)
Washington County Schools 2025-2026 PDF | Tennessee,Tennessee,washington-county-schools,2024-2025,2025-03-24,2025-03-28,2024-12-23,2025-01-06,2025-05-23,2024-08-05,2024-08-05,2025-05-23,schoolcalendarinfo.com (current page)
Washoe County School District 2025-2026,Nevada,washoe-county-school-district,2024-2025,2025-03-17,2025-03-28,2024-12-20,2025-01-03,2025-06-06,2024-08-12,2024-08-12,2025-06-06,schoolcalendarinfo.com (current page)
Watauga County Schools 2025-2026 in PDF,North Carolina,watauga-county-schools,2024-2025,2025-04-21,2025-04-25,2024-12-23,2025-01-03,2025-06-02,2024-08-19,2024-08-19,2025-06-02,schoolcalendarinfo.com (current page)
West Hartford Public Schools 2025-2026 in PDF,Connecticut,west-hartford-public-schools,2024-2025,2025-04-14,2025-04-18,2024-12-23,2025-01-01,2025-06-11,2024-08-28,2024-08-28,2025-06-11,schoolcalendarinfo.com (current page)
Westfield-Washington Schools 2025-2026 &amp; Holidays,Indiana,westfield-washington-schools,2024-2025,2025-04-04,2025-04-11,2024-12-23,2025-01-06,2025-05-23,2024-08-08,2024-08-08,2025-05-23,schoolcalendarinfo.com (current page)
Westport Public Schools 2025-2026 in PDF,Connecticut,westport-public-schools,2024-2025,2025-04-14,2025-04-18,2024-12-23,2025-01-01,2025-06-12,2024-08-27,2024-08-27,2025-06-12,schoolcalendarinfo.com (current page)
Wilson County Schools 2025-2026 in PDF,Tennessee,wilson-county-schools,2024-2025,2025-03-10,2025-03-14,2024-12-23,2025-01-03,2025-05-22,2024-08-02,2024-08-02,2025-05-22,schoolcalendarinfo.com (current page)
